{"cameraMode":{"drawMode":0,"name":"Shaded","section":"Shading Mode"},"sceneLighting":false,"audioPlay":false,"sceneViewState":{"m_AlwaysRefresh":false,"showFog":true,"showSkybox":true,"showFlares":true,"showImageEffects":true,"showParticleSystems":true,"showVisualEffectGraphs":true,"m_FxEnabled":true},"in2DMode":false,"pivot":{"x":0.7800725698471069,"y":10.26103401184082,"z":-2.3338046073913576},"rotation":{"x":0.08784259855747223,"y":0.7230167388916016,"z":0.09356409311294556,"w":-0.6788243651390076},"size":19.640186309814454,"orthographic":false}